Type,Filter,TRUTH.TOTAL,TRUTH.TP,TRUTH.FN,QUERY.TOTAL,QUERY.FP,QUERY.UNK,FP.gt,FP.al,METRIC.Recall,METRIC.Precision,METRIC.Frac_NA,METRIC.F1_Score,TRUTH.TOTAL.TiTv_ratio,QUERY.TOTAL.TiTv_ratio,TRUTH.TOTAL.het_hom_ratio,QUERY.TOTAL.het_hom_ratio
INDEL,ALL,68,63,5,91,9,18,0,2,0.9264709999999999,0.876712,0.197802,0.900905,,,2.526315789473684,2.7916666666666665
INDEL,PASS,68,63,5,91,9,18,0,2,0.9264709999999999,0.876712,0.197802,0.900905,,,2.526315789473684,2.7916666666666665
SNP,ALL,913,887,26,1038,24,127,2,0,0.9715219999999999,0.9736549999999999,0.122351,0.9725879999999999,2.808333333333333,2.658450704225352,2.2455516014234878,2.261006289308176
SNP,PASS,913,887,26,1038,24,127,2,0,0.9715219999999999,0.9736549999999999,0.122351,0.9725879999999999,2.808333333333333,2.658450704225352,2.2455516014234878,2.261006289308176
