Type,Filter,TRUTH.TOTAL,TRUTH.TP,TRUTH.FN,QUERY.TOTAL,QUERY.FP,QUERY.UNK,FP.gt,FP.al,METRIC.Recall,METRIC.Precision,METRIC.Frac_NA,METRIC.F1_Score,TRUTH.TOTAL.TiTv_ratio,QUERY.TOTAL.TiTv_ratio,TRUTH.TOTAL.het_hom_ratio,QUERY.TOTAL.het_hom_ratio
INDEL,ALL,68,58,10,78,4,15,3,0,0.852941,0.936508,0.19230799999999998,0.8927729999999999,,,2.526315789473684,1.7857142857142858
INDEL,PASS,68,58,10,78,4,15,3,0,0.852941,0.936508,0.19230799999999998,0.8927729999999999,,,2.526315789473684,1.7857142857142858
SNP,ALL,913,868,45,988,15,105,5,1,0.9507120000000001,0.9830120000000001,0.106275,0.966592,2.808333333333333,2.7604562737642584,2.2455516014234878,2.1838709677419357
SNP,PASS,913,868,45,988,15,105,5,1,0.9507120000000001,0.9830120000000001,0.106275,0.966592,2.808333333333333,2.7604562737642584,2.2455516014234878,2.1838709677419357
