Type,Filter,TRUTH.TOTAL,TRUTH.TP,TRUTH.FN,QUERY.TOTAL,QUERY.FP,QUERY.UNK,FP.gt,FP.al,METRIC.Recall,METRIC.Precision,METRIC.Frac_NA,METRIC.F1_Score,TRUTH.TOTAL.TiTv_ratio,QUERY.TOTAL.TiTv_ratio,TRUTH.TOTAL.het_hom_ratio,QUERY.TOTAL.het_hom_ratio
INDEL,ALL,68,58,10,85,8,18,1,2,0.852941,0.880597,0.211765,0.866548,,,2.526315789473684,2.6956521739130435
INDEL,PASS,68,58,10,85,8,18,1,2,0.852941,0.880597,0.211765,0.866548,,,2.526315789473684,2.6956521739130435
SNP,ALL,913,868,45,1014,21,125,3,0,0.9507120000000001,0.9763780000000001,0.123274,0.963374,2.808333333333333,2.704379562043796,2.2455516014234878,2.2261146496815285
SNP,PASS,913,868,45,1014,21,125,3,0,0.9507120000000001,0.9763780000000001,0.123274,0.963374,2.808333333333333,2.704379562043796,2.2455516014234878,2.2261146496815285
