Type,Filter,TRUTH.TOTAL,TRUTH.TP,TRUTH.FN,QUERY.TOTAL,QUERY.FP,QUERY.UNK,FP.gt,FP.al,METRIC.Recall,METRIC.Precision,METRIC.Frac_NA,METRIC.F1_Score,TRUTH.TOTAL.TiTv_ratio,QUERY.TOTAL.TiTv_ratio,TRUTH.TOTAL.het_hom_ratio,QUERY.TOTAL.het_hom_ratio
INDEL,ALL,68,57,11,92,19,15,4,1,0.8382350000000001,0.753247,0.163043,0.7934720000000001,,,2.526315789473684,2.8333333333333335
INDEL,PASS,68,57,11,92,19,15,4,1,0.8382350000000001,0.753247,0.163043,0.7934720000000001,,,2.526315789473684,2.8333333333333335
SNP,ALL,913,865,48,1123,140,118,5,5,0.947426,0.8606969999999999,0.105076,0.9019809999999999,2.808333333333333,2.426829268292683,2.2455516014234878,2.6310679611650487
SNP,PASS,913,865,48,1123,140,118,5,5,0.947426,0.8606969999999999,0.105076,0.9019809999999999,2.808333333333333,2.426829268292683,2.2455516014234878,2.6310679611650487
