Type,Filter,TRUTH.TOTAL,TRUTH.TP,TRUTH.FN,QUERY.TOTAL,QUERY.FP,QUERY.UNK,FP.gt,FP.al,METRIC.Recall,METRIC.Precision,METRIC.Frac_NA,METRIC.F1_Score,TRUTH.TOTAL.TiTv_ratio,QUERY.TOTAL.TiTv_ratio,TRUTH.TOTAL.het_hom_ratio,QUERY.TOTAL.het_hom_ratio
INDEL,ALL,68,8,60,19,7,4,5,0,0.117647,0.533333,0.21052600000000002,0.192771,,,2.526315789473684,0.1875
INDEL,PASS,68,8,60,19,7,4,5,0,0.117647,0.533333,0.21052600000000002,0.192771,,,2.526315789473684,0.1875
SNP,ALL,913,200,713,365,129,36,72,0,0.219058,0.607903,0.09863,0.322061,2.808333333333333,2.443396226415094,2.2455516014234878,0.336996336996337
SNP,PASS,913,200,713,365,129,36,72,0,0.219058,0.607903,0.09863,0.322061,2.808333333333333,2.443396226415094,2.2455516014234878,0.336996336996337
