Caller,Truth_TsTv,Query_TsTv,Difference
GATK,2.808333333333333,2.704379562043796,-0.103954
DeepVariant,2.808333333333333,2.7604562737642584,-0.0478771
FreeBayes,2.808333333333333,2.426829268292683,-0.381504
